Date,SA_BONDS
1999-01-31,7573.0
1999-02-28,8165.0
1999-03-31,8100.0
1999-04-30,8308.0
1999-05-31,8177.0
1999-06-30,8299.0
1999-07-31,8396.0
1999-08-31,8476.0
1999-09-30,8684.0
1999-10-31,8883.0
1999-11-30,9166.0
1999-12-31,9571.0
2000-01-31,9654.0
2000-02-29,9789.0
2000-03-31,9701.0
2000-04-30,9636.0
2000-05-31,9776.0
2000-06-30,10000.0
2000-07-31,10354.0
2000-08-31,10550.0
2000-09-30,10670.0
2000-10-31,10680.0
2000-11-30,11040.0
2000-12-31,11420.0
2001-01-31,11740.0
2001-02-28,12230.0
2001-03-31,12010.0
2001-04-30,12210.0
2001-05-31,12460.0
2001-06-30,13140.0
2001-07-31,13430.0
2001-08-31,13440.0
2001-09-30,13640.0
2001-10-31,13930.0
2001-11-30,14170.0
2001-12-31,13450.0
2002-01-31,13210.0
2002-02-28,13090.0
2002-03-31,12810.0
2002-04-30,13640.0
2002-05-31,13950.0
2002-06-30,13980.0
2002-07-31,14590.0
2002-08-31,14490.0
2002-09-30,14520.0
2002-10-31,14770.0
2002-11-30,15510.0
2002-12-31,15630.0
2003-01-31,16080.0
2003-02-28,16250.0
2003-03-31,16390.0
2003-04-30,16620.0
2003-05-31,17080.0
2003-06-30,17480.0
2003-07-31,17500.0
2003-08-31,17480.0
2003-09-30,17960.0
2003-10-31,18295.0
2003-11-30,18430.0
2003-12-31,18470.0
2004-01-31,18260.0
2004-02-29,18440.0
2004-03-31,18400.0
2004-04-30,18250.0
2004-05-31,18270.0
2004-06-30,18470.0
2004-07-31,18830.0
2004-08-31,19500.0
2004-09-30,19760.0
2004-10-31,20180.0
2004-11-30,20637.0
2004-12-31,21270.0
2005-01-31,21579.0
2005-02-28,21967.0
2005-03-31,21192.0
2005-04-30,21625.0
2005-05-31,21597.0
2005-06-30,22184.0
2005-07-31,22397.0
2005-08-31,22404.0
2005-09-30,22418.0
2005-10-31,22563.0
2005-11-30,23108.0
2005-12-31,23564.0
2006-01-31,23796.0
2006-02-28,23977.0
2006-03-31,23914.0
2006-04-30,24182.0
2006-05-31,23911.0
2006-06-30,23035.0
2006-07-31,23194.0
2006-08-31,23197.0
2006-09-30,23514.0
2006-10-31,24270.0
2006-11-30,24485.0
2006-12-31,24847.0
2007-01-31,25023.0
2007-02-28,25369.0
2007-03-31,25251.0
2007-04-30,25642.0
2007-05-31,25373.0
2007-06-30,24863.0
2007-07-31,24953.0
2007-08-31,25113.0
2007-09-30,25676.0
2007-10-31,26101.0
2007-11-30,25722.0
2007-12-31,25944.0
2008-01-31,25864.0
2008-02-29,25670.0
2008-03-31,25556.0
2008-04-30,25376.0
2008-05-31,24761.0
2008-06-30,24371.0
2008-07-31,26396.0
2008-08-31,26687.0
2008-09-30,27300.0
2008-10-31,27202.0
2008-11-30,28422.0
2008-12-31,30309.0
2009-01-31,29659.0
2009-02-28,28832.0
2009-03-31,28841.0
2009-04-30,29106.0
2009-05-31,28969.0
2009-06-30,28915.0
2009-07-31,29280.0
2009-08-31,29735.0
2009-09-30,29745.0
2009-10-31,29679.0
2009-11-30,29715.0
2009-12-31,30066.0
2010-01-31,30126.0
2010-02-28,30720.0
2010-03-31,31377.0
2010-04-30,31770.0
2010-05-31,31621.0
2010-06-30,31707.0
2010-07-31,32961.0
2010-08-31,33929.0
2010-09-30,34172.0
2010-10-31,34528.0
2010-11-30,33876.0
2010-12-31,34449.0
2011-01-31,33727.0
2011-02-28,33798.0
2011-03-31,33963.0
2011-04-30,34692.0
2011-05-31,35184.0
2011-06-30,35246.0
2011-07-31,35745.0
2011-08-31,36984.0
2011-09-30,36258.0
2011-10-31,37253.0
2011-11-30,37269.0
2011-12-31,37523.0
2012-01-31,38272.0
2012-02-29,38340.0
2012-03-31,38383.0
2012-04-30,39078.0
2012-05-31,39088.0
2012-06-30,40347.0
2012-07-31,41872.0
2012-08-31,41916.0
2012-09-30,42299.0
2012-10-31,42104.0
2012-11-30,42447.0
2012-12-31,43400.0
2013-01-31,43430.0
2013-02-28,43693.0
2013-03-31,43756.0
2013-04-30,45483.0
2013-05-31,43416.0
2013-06-30,42715.0
2013-07-31,42481.0
2013-08-31,41906.0
2013-09-30,43535.0
2013-10-31,43733.0
2013-11-30,43138.0
2013-12-31,43608.0
2014-01-31,42163.0
2014-02-28,43178.0
2014-03-31,43919.0
2014-04-30,44083.0
2014-05-31,44617.0
2014-06-30,45011.0
2014-07-31,45474.0
2014-08-31,46691.0
2014-09-30,46004.0
2014-10-31,47524.0
2014-11-30,48607.0
2014-12-31,47884.0
2015-01-31,50713.0
2015-02-28,49390.0
2015-03-31,49139.0
2015-04-30,48928.0
2015-05-31,48561.0
2015-06-30,48516.0
2015-07-31,48978.0
2015-08-31,49068.0
2015-09-30,49075.0
2015-10-31,49741.0
2015-11-30,49271.0
2015-12-31,46235.0
2016-01-31,48209.0
2016-02-29,47900.0
2016-03-31,49139.0
2016-04-30,50004.0
2016-05-31,49297.0
2016-06-30,51227.0
2016-07-31,52280.0
2016-08-31,51463.0
2016-09-30,52953.0
2016-10-31,53269.0
2016-11-30,52315.0
2016-12-31,53127.0
2017-01-31,53846.0
2017-02-28,54226.0
2017-03-31,54466.0
2017-04-30,55267.0
2017-05-31,55845.0
2017-06-30,55345.0
2017-07-31,56199.0
2017-08-31,56769.0
2017-09-30,57368.0
2017-10-31,56034.0
2017-11-30,55472.0
2017-12-31,58633.0
2018-01-31,59761.0
2018-02-28,61968.0
2018-03-31,63146.0
2018-04-30,62741.0
2018-05-31,61458.0
2018-06-30,60655.0
2018-07-31,62203.0
2018-08-31,60938.0
2018-09-30,61059.0
2018-10-31,59909.0
2018-11-30,62271.0
2018-12-31,62664.0
2019-01-31,64525.0
2019-02-28,64216.0
2019-03-31,65057.0
2019-04-30,65563.0
2019-05-31,65967.0
2019-06-30,67463.0
2019-07-31,66963.0
2019-08-31,67594.0
2019-09-30,67948.0
2019-10-31,67675.0
2019-11-30,67782.0
2019-12-31,69079.0
2020-01-31,69881.0
2020-02-29,69828.0
2020-03-31,62986.0
2020-04-30,65471.0
2020-05-31,70115.0
2020-06-30,69286.0
2020-07-31,69663.0
2020-08-31,70295.0
2020-09-30,70267.0
2020-10-31,70859.0
2020-11-30,73164.0
2020-12-31,74995.0
2021-01-31,75557.0
2021-02-28,75560.0
2021-03-31,73711.0
2021-04-30,75103.0
2021-05-31,77848.0
2021-06-30,78691.0
2021-07-31,79341.0
2021-08-31,80678.0
2021-09-30,78983.0
2021-10-31,78521.0
2021-11-30,79076.0
2021-12-31,81187.0
2022-01-31,81873.0
2022-02-28,82289.0
2022-03-31,82650.0
2022-04-30,81241.0
2022-05-31,82101.0
2022-06-30,79569.0
2022-07-31,81457.0
2022-08-31,81757.0
2022-09-30,80021.0
2022-10-31,80860.0
2022-11-30,84041.0
2022-12-31,84549.0
2023-01-31,87077.0
2023-02-28,86284.0
2023-03-31,87419.0
2023-04-30,86399.0
2023-05-31,82284.0
2023-06-30,86080.0
2023-07-31,88052.0
2023-08-31,87858.0
2023-09-30,85755.0
2023-10-31,87233.0
2023-11-30,91383.0
2023-12-31,92696.0
2024-01-31,93406.0
2024-02-29,92838.0
2024-03-31,90984.0
2024-04-30,92257.0
2024-05-31,92971.0
2024-06-30,97784.0
2024-07-31,101694.0
2024-08-31,104056.0
2024-09-30,108049.0
2024-10-31,105718.0
2024-11-30,108894.0
2024-12-31,108575.0
2025-01-31,109057.0
2025-02-28,109139.0
2025-03-31,109382.0
2025-04-30,110249.0
2025-05-31,113170.0
2025-06-30,115726.0
2025-07-31,118815.0
2025-08-31,119644.0
2025-09-30,123525.0
2025-10-31,126621.0
2025-11-30,130878.0
2025-12-31,134442.0
2026-01-31,137031.0
2026-02-28,139467.0